st_metratio,sy_pnum
[Fe/H[,1.0
[Fe/H],1.853454821564161
[M/H],2.7126436781609193
[Me/H],5.0
[m/H],2.2
